Report category,Serial,Host,Scanned at,Model,Vendor,Protocol,Interface,Media,Capacity,Firmware,Form factor,Rotation rate,SMART status,Power-on hours,Power cycles,Load cycles,Start/stop count,Temperature °C,Highest temp °C,Max rated temp °C,Reallocated sectors,Pending sectors,Uncorrectable errors,Offline uncorrectable,Non-medium errors,SMART attr 1 (Raw_Read_Error_Rate),SMART attr 2 (Throughput_Performance),SMART attr 3 (Spin_Up_Time),SMART attr 4 (Start_Stop_Count),SMART attr 5 (Reallocated_Sector_Ct),SMART attr 7 (Seek_Error_Rate),SMART attr 8 (Seek_Time_Performance),SMART attr 9 (Power_On_Hours),SMART attr 10 (Spin_Retry_Count),SMART attr 12 (Power_Cycle_Count),SMART attr 184 (End-to-End_Error),SMART attr 187 (Reported_Uncorrect),SMART attr 188 (Command_Timeout),SMART attr 189 (High_Fly_Writes),SMART attr 190 (Airflow_Temperature_Cel),SMART attr 191 (G-Sense_Error_Rate),SMART attr 192 (Power-Off_Retract_Count),SMART attr 193 (Load_Cycle_Count),SMART attr 194 (Temperature_Celsius),SMART attr 196 (Reallocated_Event_Count),SMART attr 197 (Current_Pending_Sector),SMART attr 198 (Offline_Uncorrectable),SMART attr 199 (UDMA_CRC_Error_Count),SMART attr 240 (Head_Flying_Hours),SMART attr 241 (Total_LBAs_Written),SMART attr 242 (Total_LBAs_Read),Health score,Grade,Health status,Grading status,Ungraded reasons,Warning flags,Fail reason codes,Age-cap grade,Defect grade,Multi-factor applied,Revert eligible,Revert certified,Recommended use,Drive class,Scan timestamp,Revert standard version,CDI certified,Certification rationale,Deductions,SCSI error log — read › correction_algorithm_invocations,SCSI error log — read › errors_corrected_by_eccdelayed,SCSI error log — read › errors_corrected_by_eccfast,SCSI error log — read › errors_corrected_by_rereads_rewrites,SCSI error log — read › gigabytes_processed,SCSI error log — read › total_errors_corrected,SCSI error log — read › total_uncorrected_errors,SCSI error log — verify › correction_algorithm_invocations,SCSI error log — verify › errors_corrected_by_eccdelayed,SCSI error log — verify › errors_corrected_by_eccfast,SCSI error log — verify › errors_corrected_by_rereads_rewrites,SCSI error log — verify › gigabytes_processed,SCSI error log — verify › total_errors_corrected,SCSI error log — verify › total_uncorrected_errors,SCSI error log — write › correction_algorithm_invocations,SCSI error log — write › errors_corrected_by_eccdelayed,SCSI error log — write › errors_corrected_by_eccfast,SCSI error log — write › errors_corrected_by_rereads_rewrites,SCSI error log — write › gigabytes_processed,SCSI error log — write › total_errors_corrected,SCSI error log — write › total_uncorrected_errors,SSD % used (ATA),SMART attr 165 (Unknown_Attribute),SMART attr 166 (Unknown_Attribute),SMART attr 167 (Unknown_Attribute),SMART attr 168 (Unknown_Attribute),SMART attr 169 (Unknown_Attribute),SMART attr 170 (Unknown_Attribute),SMART attr 171 (Unknown_Attribute),SMART attr 172 (Unknown_Attribute),SMART attr 173 (Unknown_Attribute),SMART attr 174 (Unknown_Attribute),SMART attr 175 (Program_Fail_Count_Chip),SMART attr 180 (Unused_Rsvd_Blk_Cnt_Tot),SMART attr 202 (Unknown_SSD_Attribute),SMART attr 230 (Unknown_SSD_Attribute),SMART attr 232 (Available_Reservd_Space),SMART attr 233 (Media_Wearout_Indicator),SMART attr 234 (Unknown_Attribute),SMART attr 244 (Unknown_Attribute),NVMe % used,Avail spare %,Critical warning,Media errors,Data written (TB),NVMe self-test fails,NVMe data units read,NVMe data units written,NVMe host reads,NVMe host writes,Controller busy time (min),NVMe power cycles (log),NVMe POH (log),Unsafe shutdowns,Error log entries,Warning temp time (min),Critical comp time (min),Self-test current,NVMe error log rows,NVMe self-test rows,OCP C0h summary,NVMe error log — read,NVMe error log — size,NVMe error log — unread,OCP SMART — Bad system nand blocks - Normalized,OCP SMART — Bad system nand blocks - Raw,OCP SMART — Bad user nand blocks - Normalized,OCP SMART — Bad user nand blocks - Raw,OCP SMART — Capacitor health,OCP SMART — Current throttling status,OCP SMART — End to end corrected errors,OCP SMART — End to end detected errors,OCP SMART — Endurance estimate,OCP SMART — Errata Version Field,OCP SMART — Incomplete shutdowns,OCP SMART — Log page GUID,OCP SMART — Log page version,OCP SMART — Major Version Field,OCP SMART — Max User data erase counts,OCP SMART — Min User data erase counts,OCP SMART — Minor Version Field,OCP SMART — NUSE - Namespace utilization,OCP SMART — NVMe Base Errata Version,OCP SMART — Number of Thermal throttling events,OCP SMART — PCIe Link Retraining Count,OCP SMART — PCIe correctable error count,OCP SMART — PLP start count,OCP SMART — Percent free blocks,OCP SMART — Physical media units read,OCP SMART — Physical media units written,OCP SMART — Point Version Field,OCP SMART — Power State Change Count,OCP SMART — Refresh counts,OCP SMART — Security Version Number,OCP SMART — Soft ecc error count,OCP SMART — System data percent used,OCP SMART — Unaligned I/O,OCP SMART — Uncorrectable read error count,OCP SMART — XOR recovery count,NVMe · log viewers (OCP C0h),NVMe error log (full JSON),NVMe self-test log (full JSON),OCP SMART C0h (full JSON)
NVMe SSD,EJKFQVUEARVC,bench-01,2026-09-25 15:38 UTC,KIOXIA KCD81VUG6T40,UNKNOWN,NVMe,NVMe,SSD,6.40 TB,0103,—,—,True,17011,—,—,—,34,—,85,—,—,—,—,—,,,,,,,,,,,,,,,,,,,,,,,,,,,95,A,Excellent,GRADED,—,—,—,A,A,False,True,true,Primary/Production,enterprise,2026-09-25T15:38:00+00:00,2.0,Yes,Certified because grade A (Excellent) and no critical deductions.,—,,,,,,,,,,,,,,,,,,,,,,,,,,,,,,,,,,,,,,,,,1,100,0,0,938.2915328,0,5921143890,1832600650,86913133227,4551061810,25814,15,17011,3,0,53,0,No self-test in progress,0,11,Yes (35 fields),16,256,0,65535,281474976710655,100,0,158,0,0,0,95480753,0,0,0xafd514c97c6f4f9ca4f2bfea2810afc5,3,2,148,106,0,0,0,2,0,0,3,100,3592703870709760,1359892586692608,0,0,17943948,0,106686,0,0,0,0,,"{""size"": 256, ""read"": 16, ""unread"": 0}","{""current_self_test_operation"": {""value"": 0, ""string"": ""No self-test in progress""}, ""table"": [{""self_test_code"": {""value"": 1, ""string"": ""Short""}, ""self_test_result"": {""value"": 0, ""string"": ""Completed without error""}, ""power_on_hours"": 16992, ""status_code_type"": 0, ""status_code"": 0}, {""self_test_code"": {""value"": 1, ""string"": ""Short""}, ""self_test_result"": {""value"": 0, ""string"": ""Completed without error""}, ""power_on_hours"": 16992, ""status_code_type"": 0, ""status_code"": 0}, {""self_test_code"": {""value"": 1, ""string"": ""Short""}, ""self_test_result"": {""value"": 0, ""string"": ""Completed without error""}, ""power_on_hours"": 16992, ""status_code_type"": 0, ""status_code"": 0}, {""self_test_code"": {""value"": 1, ""string"": ""Short""}, ""self_test_result"": {""value"": 0, ""string"": ""Completed without error""}, ""power_on_hours"": 16992, ""status_code_type"": 0, ""status_code"": 0}, {""self_test_code"": {""value"": 1, ""string"": ""Short""}, ""self_test_result"": {""value"": 0, ""string"": ""Completed without error""}, ""power_on_hours"": 16992, ""status_code_type"": 0, ""status_code"": 0}, {""self_test_code"": {""value"": 1, ""string"": ""Short""}, ""self_test_result"": {""value"": 0, ""string"": ""Completed without error""}, ""power_on_hours"": 16992, ""status_code_type"": 0, ""status_code"": 0}, {""self_test_code"": {""value"": 1, ""string"": ""Short""}, ""self_test_result"": {""value"": 0, ""string"": ""Completed without error""}, ""power_on_hours"": 16992, ""status_code_type"": 0, ""status_code"": 0}, {""self_test_code"": {""value"": 1, ""string"": ""Short""}, ""self_test_result"": {""value"": 0, ""string"": ""Completed without error""}, ""power_on_hours"": 16992, ""status_code_type"": 0, ""status_code"": 0}, {""self_test_code"": {""value"": 1, ""string"": ""Short""}, ""self_test_result"": {""value"": 0, ""string"": ""Completed without error""}, ""power_on_hours"": 16991, ""status_code_type"": 0, ""status_code"": 0}, {""self_test_code"": {""value"": 1, ""string"": ""Short""}, ""self_test_result"": {""value"": 0, ""string"": ""Completed without error""}, ""power_on_hours"": 16991, ""status_code_type"": 0, ""status_code"": 0}, {""self_test_code"": {""value"": 1, ""string"": ""Short""}, ""self_test_result"": {""value"": 0, ""string"": ""Completed without error""}, ""power_on_hours"": 16991, ""status_code_type"": 0, ""status_code"": 0}]}","{""Physical media units written"": {""hi"": 0, ""lo"": 1359892586692608}, ""Physical media units read"": {""hi"": 0, ""lo"": 3592703870709760}, ""Bad user nand blocks - Raw"": 0, ""Bad user nand blocks - Normalized"": 100, ""Bad system nand blocks - Raw"": 281474976710655, ""Bad system nand blocks - Normalized"": 65535, ""XOR recovery count"": 0, ""Uncorrectable read error count"": 0, ""Soft ecc error count"": 106686, ""End to end detected errors"": 0, ""End to end corrected errors"": 0, ""System data percent used"": 0, ""Refresh counts"": 17943948, ""Max User data erase counts"": 148, ""Min User data erase counts"": 106, ""Number of Thermal throttling events"": 2, ""Current throttling status"": 0, ""PCIe correctable error count"": 0, ""Incomplete shutdowns"": 0, ""Percent free blocks"": 100, ""Capacitor health"": 158, ""Unaligned I/O"": 0, ""Security Version Number"": 0, ""NUSE - Namespace utilization"": 0, ""PLP start count"": 3, ""Endurance estimate"": 95480753, ""Log page version"": 3, ""Log page GUID"": ""0xafd514c97c6f4f9ca4f2bfea2810afc5"", ""Errata Version Field"": 0, ""Point Version Field"": 0, ""Minor Version Field"": 0, ""Major Version Field"": 2, ""NVMe Base Errata Version"": 0, ""PCIe Link Retraining Count"": 0, ""Power State Change Count"": 0}"
NVMe SSD,RFGPTKAXNVGK,bench-01,2026-09-25 15:38 UTC,FADU DELTA U.2 1.92TB,UNKNOWN,NVMe,NVMe,SSD,1.92 TB,1LZ090VQ,—,—,True,99,—,—,—,34,—,85,—,—,—,—,—,,,,,,,,,,,,,,,,,,,,,,,,,,,100,A,Excellent,GRADED,—,—,—,A,A,False,True,true,Primary/Production,enterprise,2026-09-25T15:38:00+00:00,2.0,Yes,Certified because grade A (Excellent) and no critical deductions.,—,,,,,,,,,,,,,,,,,,,,,,,,,,,,,,,,,,,,,,,,,0,100,0,0,0.923606528,0,5305578,1803919,97159430,1585624,44,9,99,3,0,0,0,—,0,0,Yes (35 fields),16,64,0,100,0,100,0,100,0,0,0,24785187892101120,0,0,0xafd514c97c6f4f9ca4f2bfea2810afc5,2,0,10,8,0,0,0,0,0,0,3,100,2744719892480,1011179618304,0,0,124,0,0,0,0,0,0,,"{""size"": 64, ""read"": 16, ""unread"": 0}",,"{""Physical media units written"": {""hi"": 0, ""lo"": 1011179618304}, ""Physical media units read"": {""hi"": 0, ""lo"": 2744719892480}, ""Bad user nand blocks - Raw"": 0, ""Bad user nand blocks - Normalized"": 100, ""Bad system nand blocks - Raw"": 0, ""Bad system nand blocks - Normalized"": 100, ""XOR recovery count"": 0, ""Uncorrectable read error count"": 0, ""Soft ecc error count"": 0, ""End to end detected errors"": 0, ""End to end corrected errors"": 0, ""System data percent used"": 0, ""Refresh counts"": 124, ""Max User data erase counts"": 10, ""Min User data erase counts"": 8, ""Number of Thermal throttling events"": 0, ""Current throttling status"": 0, ""PCIe correctable error count"": 0, ""Incomplete shutdowns"": 0, ""Percent free blocks"": 100, ""Capacitor health"": 100, ""Unaligned I/O"": 0, ""Security Version Number"": 0, ""NUSE - Namespace utilization"": 0, ""PLP start count"": 3, ""Endurance estimate"": 24785187892101120, ""Log page version"": 2, ""Log page GUID"": ""0xafd514c97c6f4f9ca4f2bfea2810afc5"", ""Errata Version Field"": 0, ""Point Version Field"": 0, ""Minor Version Field"": 0, ""Major Version Field"": 0, ""NVMe Base Errata Version"": 0, ""PCIe Link Retraining Count"": 0, ""Power State Change Count"": 0}"
NVMe SSD,PPLDQVBYFGQQ,bench-01,2026-09-25 15:38 UTC,KIOXIA KCD81VUG6T40,UNKNOWN,NVMe,NVMe,SSD,6.40 TB,0103,—,—,True,16991,—,—,—,31,—,85,—,—,—,—,—,,,,,,,,,,,,,,,,,,,,,,,,,,,95,A,Excellent,GRADED,—,—,—,A,A,False,True,true,Primary/Production,enterprise,2026-09-25T15:38:00+00:00,2.0,Yes,Certified because grade A (Excellent) and no critical deductions.,—,,,,,,,,,,,,,,,,,,,,,,,,,,,,,,,,,,,,,,,,,1,100,0,0,938.2915328,0,5921143877,1832600650,86913132899,4551061810,25814,13,16991,3,0,53,0,No self-test in progress,0,0,—,16,256,0,—,—,—,—,—,—,—,—,—,—,—,—,—,—,—,—,—,—,—,—,—,—,—,—,—,—,—,—,—,—,—,—,—,—,—,,"{""size"": 256, ""read"": 16, ""unread"": 0}","{""current_self_test_operation"": {""value"": 0, ""string"": ""No self-test in progress""}}",
NVMe SSD,NVGEPNCKQSHY,bench-01,2026-09-25 15:38 UTC,KIOXIA KCD81VUG6T40,UNKNOWN,NVMe,NVMe,SSD,6.40 TB,0103,—,—,True,16991,—,—,—,30,—,85,—,—,—,—,—,,,,,,,,,,,,,,,,,,,,,,,,,,,95,A,Excellent,GRADED,—,—,—,A,A,False,True,true,Primary/Production,enterprise,2026-09-25T15:38:00+00:00,2.0,Yes,Certified because grade A (Excellent) and no critical deductions.,—,,,,,,,,,,,,,,,,,,,,,,,,,,,,,,,,,,,,,,,,,1,100,0,0,938.2915328,0,5921143877,1832600650,86913132899,4551061810,25814,13,16991,3,0,53,0,No self-test in progress,0,0,—,16,256,0,—,—,—,—,—,—,—,—,—,—,—,—,—,—,—,—,—,—,—,—,—,—,—,—,—,—,—,—,—,—,—,—,—,—,—,,"{""size"": 256, ""read"": 16, ""unread"": 0}","{""current_self_test_operation"": {""value"": 0, ""string"": ""No self-test in progress""}}",
NVMe SSD,ARNVJTLJPBKD,bench-01,2026-09-25 15:38 UTC,KCM61VUL3T20,UNKNOWN,NVMe,NVMe,SSD,3.20 TB,0106,—,—,True,20315,—,—,—,36,—,82,—,—,—,—,—,,,,,,,,,,,,,,,,,,,,,,,,,,,100,A,Excellent,GRADED,—,—,—,A,A,False,True,true,Primary/Production,enterprise,2026-09-25T15:38:00+00:00,2.0,Yes,Certified because grade A (Excellent) and no critical deductions.,—,,,,,,,,,,,,,,,,,,,,,,,,,,,,,,,,,,,,,,,,,2,100,0,0,1320.532827136,0,2088461170,2579165678,3957050710,4423258264,10331,22,20315,13,121,0,0,No self-test in progress,3,0,—,16,256,0,—,—,—,—,—,—,—,—,—,—,—,—,—,—,—,—,—,—,—,—,—,—,—,—,—,—,—,—,—,—,—,—,—,—,—,,"{""size"": 256, ""read"": 16, ""unread"": 0, ""table"": [{""error_count"": 121, ""submission_queue_id"": 0, ""command_id"": 4107, ""status_field"": {""value"": 24578, ""do_not_retry"": true, ""status_code_type"": 0, ""status_code"": 2, ""string"": ""Invalid Field in Command""}, ""phase_tag"": false, ""parm_error_location"": 40, ""nsid"": 0}, {""error_count"": 120, ""submission_queue_id"": 0, ""command_id"": 4, ""status_field"": {""value"": 24578, ""do_not_retry"": true, ""status_code_type"": 0, ""status_code"": 2, ""string"": ""Invalid Field in Command""}, ""phase_tag"": false, ""parm_error_location"": 40, ""nsid"": 0}, {""error_count"": 119, ""submission_queue_id"": 0, ""command_id"": 4116, ""status_field"": {""value"": 24578, ""do_not_retry"": true, ""status_code_type"": 0, ""status_code"": 2, ""string"": ""Invalid Field in Command""}, ""phase_tag"": false, ""parm_error_location"": 43, ""nsid"": 0}]}","{""current_self_test_operation"": {""value"": 0, ""string"": ""No self-test in progress""}}",
NVMe SSD,EPW221383,bench-01,2026-09-25 15:38 UTC,SSDPE2KE032T8,INTEL,NVMe,NVMe,SSD,3.20 TB,VDV10194,—,—,True,8556,—,—,—,28,—,80,—,—,—,—,—,,,,,,,,,,,,,,,,,,,,,,,,,,,100,A,Excellent,GRADED,—,—,—,A,A,False,True,true,Primary/Production,enterprise,2026-09-25T15:38:00+00:00,2.0,Yes,Certified because grade A (Excellent) and no critical deductions.,—,,,,,,,,,,,,,,,,,,,,,,,,,,,,,,,,,,,,,,,,,4,100,0,0,1767.75603456,0,2416307408,3452648505,35750667952,15453498243,15215,108,8556,77,0,0,0,—,0,0,—,16,64,0,—,—,—,—,—,—,—,—,—,—,—,—,—,—,—,—,—,—,—,—,—,—,—,—,—,—,—,—,—,—,—,—,—,—,—,,"{""size"": 64, ""read"": 16, ""unread"": 0}",,
NVMe SSD,WHU512633,bench-01,2026-09-25 15:38 UTC,SSDPE2KE032T8,INTEL,NVMe,NVMe,SSD,3.20 TB,VDV10194,—,—,True,8556,—,—,—,28,—,80,—,—,—,—,—,,,,,,,,,,,,,,,,,,,,,,,,,,,100,A,Excellent,GRADED,—,—,—,A,A,False,True,true,Primary/Production,enterprise,2026-09-25T15:38:00+00:00,2.0,Yes,Certified because grade A (Excellent) and no critical deductions.,—,,,,,,,,,,,,,,,,,,,,,,,,,,,,,,,,,,,,,,,,,4,100,0,0,1767.75603456,0,2416307408,3452648505,35750667952,15453498243,15215,108,8556,77,0,0,0,—,0,0,—,16,64,0,—,—,—,—,—,—,—,—,—,—,—,—,—,—,—,—,—,—,—,—,—,—,—,—,—,—,—,—,—,—,—,—,—,—,—,,"{""size"": 64, ""read"": 16, ""unread"": 0}",,
NVMe SSD,XCR053095,bench-01,2026-09-25 15:38 UTC,SSDPF21Q800GB,INTEL,NVMe,NVMe,SSD,800 GB,L0310600,—,—,True,22346,—,—,—,28,—,78,—,—,—,—,—,,,,,,,,,,,,,,,,,,,,,,,,,,,50,D,Poor,GRADED,—,—,—,A,D,False,True,Advisory,Non-critical/Archival (Advisory),enterprise,2026-09-25T15:38:00+00:00,2.0,No,"Not certified because grade is D (Advisory tier; full certification requires A, B, or C); failed self-test: Failed NVMe self-test history (1 recent, 0 older).",—,,,,,,,,,,,,,,,,,,,,,,,,,,,,,,,,,,,,,,,,,5,100,0,0,4761.89174016,0,8672248762,9300569805,48535839093,44898253167,44449,201,22346,55,0,0,0,No self-test in progress,0,3,—,16,256,0,—,—,—,—,—,—,—,—,—,—,—,—,—,—,—,—,—,—,—,—,—,—,—,—,—,—,—,—,—,—,—,—,—,—,—,,"{""size"": 256, ""read"": 16, ""unread"": 0}","{""current_self_test_operation"": {""value"": 0, ""string"": ""No self-test in progress""}, ""table"": [{""self_test_code"": {""value"": 2, ""string"": ""Extended""}, ""self_test_result"": {""value"": 7, ""string"": ""Completed: failed segments""}, ""segment"": 2, ""power_on_hours"": 22316}, {""self_test_code"": {""value"": 1, ""string"": ""Short""}, ""self_test_result"": {""value"": 0, ""string"": ""Completed without error""}, ""power_on_hours"": 7124}, {""self_test_code"": {""value"": 1, ""string"": ""Short""}, ""self_test_result"": {""value"": 0, ""string"": ""Completed without error""}, ""power_on_hours"": 7124}]}",
NVMe SSD,ACGKBJTJ34,bench-01,2026-09-25 15:38 UTC,SAMPLE NV1920,UNKNOWN,NVMe,NVMe,SSD,1.92 TB,RV01,—,—,True,9000,—,—,—,32,—,—,—,—,—,—,—,,,,,,,,,,,,,,,,,,,,,,,,,,,100,A,Excellent,GRADED,—,—,—,A,A,False,True,true,Primary/Production,enterprise,2026-09-25T15:38:00+00:00,2.0,Yes,Certified because grade A (Excellent) and no critical deductions.,—,,,,,,,,,,,,,,,,,,,,,,,,,,,,,,,,,,,,,,,,,3,100,0,0,40.96,0,100000000,80000000,900000000,700000000,4000,40,9000,3,0,0,0,No self-test in progress,0,1,—,—,—,—,—,—,—,—,—,—,—,—,—,—,—,—,—,—,—,—,—,—,—,—,—,—,—,—,—,—,—,—,—,—,—,—,—,—,—,,,"{""current_self_test_operation"": {""value"": 0, ""string"": ""No self-test in progress""}, ""table"": [{""self_test_code"": {""value"": 1, ""string"": ""Short""}, ""self_test_result"": {""value"": 0, ""string"": ""Completed without error""}, ""power_on_hours"": 8976}]}",
NVMe SSD,KZJVWSEN99,bench-01,2026-09-25 15:38 UTC,SAMPLE NV1920,UNKNOWN,NVMe,NVMe,SSD,1.92 TB,RV01,—,—,False,31000,—,—,—,32,—,—,—,—,—,—,—,,,,,,,,,,,,,,,,,,,,,,,,,,,0,F,Failed,GRADED,—,—,F-SMART-FAIL | F-SPARE-BLOCKS | F-NVME-CRITICAL-WARNING | F-MEDIA-ERRORS,A,F,False,False,false,Do not reuse - destroy/recycle,enterprise,2026-09-25T15:38:00+00:00,2.0,No,"Not certified because grade is F (certification requires A, B, or C); critical deduction: SMART status failed; critical deduction: Available spare below threshold; critical deduction: NVMe critical warning: NVM Subsystem Degraded Reliability (NDR); critical deduction: Media errors detected.",—,,,,,,,,,,,,,,,,,,,,,,,,,,,,,,,,,,,,,,,,,95,4,4,12,40.96,0,100000000,80000000,900000000,700000000,4000,40,31000,3,0,0,0,No self-test in progress,0,1,—,—,—,—,—,—,—,—,—,—,—,—,—,—,—,—,—,—,—,—,—,—,—,—,—,—,—,—,—,—,—,—,—,—,—,—,—,—,—,,,"{""current_self_test_operation"": {""value"": 0, ""string"": ""No self-test in progress""}, ""table"": [{""self_test_code"": {""value"": 1, ""string"": ""Short""}, ""self_test_result"": {""value"": 0, ""string"": ""Completed without error""}, ""power_on_hours"": 30976}]}",
SATA HDD,NGQ3ARF9,bench-02,2026-09-25 15:39 UTC,ST2000DM008-2FR102,SEAGATE,ATA,SATA,HDD,2.00 TB,0001,3.5 inches,7200,True,13500,25,100,50,35,45,60,0,0,0,0,—,value=80; worst=63; thresh=6; raw=166912512,—,value=97; worst=97; thresh=0; raw=0,value=100; worst=100; thresh=20; raw=50,value=100; worst=100; thresh=10; raw=0,value=87; worst=60; thresh=45; raw=533035008,—,value=85; worst=85; thresh=0; raw=13500,value=100; worst=100; thresh=97; raw=0,value=100; worst=100; thresh=20; raw=25,value=100; worst=100; thresh=99; raw=0,value=100; worst=100; thresh=0; raw=0,value=100; worst=100; thresh=0; raw=0,value=100; worst=100; thresh=0; raw=0,value=65; worst=55; thresh=40; raw=35 (Min/Max 20/45),—,—,value=100; worst=100; thresh=0; raw=100,value=35; worst=45; thresh=0; raw=35 (Min/Max 20/45),—,value=100; worst=100; thresh=0; raw=0,value=100; worst=100; thresh=0; raw=0,value=200; worst=200; thresh=0; raw=0,value=100; worst=253; thresh=0; raw=8426h+36m+00.000s,value=100; worst=253; thresh=0; raw=12345678901,value=100; worst=253; thresh=0; raw=98765432109,100,A,Excellent,GRADED,—,—,—,A,A,False,True,true,Primary/Production,consumer,2026-09-25T15:39:00+00:00,2.0,Yes,Certified because grade A (Excellent) and no critical deductions.,—,,,,,,,,,,,,,,,,,,,,,,,,,,,,,,,,,,,,,,,,,,,,,,,,,,,,,,,,,,,,,,,,,,,,,,,,,,,,,,,,,,,,,,,,,,,,,,,,,,,,,,,
SATA HDD,WWSHFLYV47,bench-02,2026-09-25 15:39 UTC,ST1000DM010-2EP102,SEAGATE,ATA,SATA,HDD,1.00 TB,RV01,2.5 inches,7200,True,8100,120,0,0,—,—,—,5,0,0,0,—,—,—,—,—,value=100; worst=100; thresh=10; raw=5,—,—,value=100; worst=100; thresh=0; raw=8100,—,value=100; worst=100; thresh=0; raw=120,—,value=100; worst=100; thresh=0; raw=0,value=100; worst=100; thresh=0; raw=0,—,—,—,—,—,—,—,value=100; worst=100; thresh=0; raw=0,value=100; worst=100; thresh=0; raw=0,value=100; worst=100; thresh=0; raw=0,—,—,—,85,B,Good,GRADED,—,—,—,A,B,False,True,true,General purpose,consumer,2026-09-25T15:39:00+00:00,2.0,Yes,Certified because grade B (Good) and no critical deductions.,—,,,,,,,,,,,,,,,,,,,,,,,,,,,,,,,,,,,,,,,,,,,,,,,,,,,,,,,,,,,,,,,,,,,,,,,,,,,,,,,,,,,,,,,,,,,,,,,,,,,,,,,
SATA HDD,ARE3TCR1,bench-02,2026-09-25 15:39 UTC,ST1000LM048-2E7172,SEAGATE,ATA,SATA,HDD,1.00 TB,0002,2.5 inches,5400,True,45000,1200,100000,1500,—,—,—,48,0,0,0,—,value=70; worst=63; thresh=6; raw=250000000,—,value=99; worst=99; thresh=0; raw=0,value=99; worst=99; thresh=0; raw=1500,value=80; worst=80; thresh=10; raw=48,value=80; worst=60; thresh=45; raw=800000000,—,value=60; worst=60; thresh=0; raw=45000,value=100; worst=100; thresh=97; raw=0,value=99; worst=99; thresh=0; raw=1200,value=100; worst=100; thresh=99; raw=0,value=100; worst=100; thresh=0; raw=0,value=100; worst=100; thresh=0; raw=0,—,value=60; worst=50; thresh=45; raw=40 (Min/Max 22/50),—,—,value=90; worst=90; thresh=0; raw=100000,value=40; worst=50; thresh=0; raw=40 (Min/Max 22/50),—,value=100; worst=100; thresh=0; raw=0,value=100; worst=100; thresh=0; raw=0,value=200; worst=200; thresh=0; raw=0,—,—,—,70,C,Fair,GRADED,—,—,—,B,C,False,True,true,Non-critical/Archival,consumer,2026-09-25T15:39:00+00:00,2.0,Yes,Certified because grade C (Fair) and no critical deductions.,—,,,,,,,,,,,,,,,,,,,,,,,,,,,,,,,,,,,,,,,,,,,,,,,,,,,,,,,,,,,,,,,,,,,,,,,,,,,,,,,,,,,,,,,,,,,,,,,,,,,,,,,
SATA HDD,Y9HKDQVD,bench-02,2026-09-25 15:39 UTC,MQ01ABD100,TOSHIBA,ATA,SATA,HDD,1.00 TB,AX001U,2.5 inches,5400,True,30000,5000,250000,8500,—,—,—,0,56,0,0,—,value=100; worst=100; thresh=50; raw=0,value=100; worst=100; thresh=50; raw=0,value=100; worst=100; thresh=1; raw=1591,value=100; worst=100; thresh=0; raw=8500,value=100; worst=100; thresh=50; raw=0,value=100; worst=100; thresh=50; raw=0,value=100; worst=100; thresh=50; raw=0,value=75; worst=75; thresh=0; raw=30000,value=253; worst=100; thresh=30; raw=0,value=100; worst=100; thresh=0; raw=5000,—,—,—,—,—,value=100; worst=100; thresh=0; raw=2,value=100; worst=100; thresh=0; raw=50,value=90; worst=90; thresh=0; raw=250000,value=100; worst=100; thresh=0; raw=36 (Min/Max 18/55),value=100; worst=100; thresh=0; raw=0,value=50; worst=50; thresh=0; raw=56,value=100; worst=100; thresh=0; raw=0,value=200; worst=200; thresh=0; raw=0,value=80; worst=80; thresh=0; raw=21000,—,—,50,D,Poor,GRADED,—,—,—,B,D,False,True,Advisory,Non-critical/Archival (Advisory),consumer,2026-09-25T15:39:00+00:00,2.0,No,"Not certified because grade is D (Advisory tier; full certification requires A, B, or C).",—,,,,,,,,,,,,,,,,,,,,,,,,,,,,,,,,,,,,,,,,,,,,,,,,,,,,,,,,,,,,,,,,,,,,,,,,,,,,,,,,,,,,,,,,,,,,,,,,,,,,,,,
SATA HDD,RGANZCL768,bench-02,2026-09-25 15:39 UTC,ST1000DM010-2EP102,SEAGATE,ATA,SATA,HDD,1.00 TB,RV01,2.5 inches,7200,True,15000,120,0,0,—,—,—,0,0,0,0,—,—,—,—,—,value=100; worst=100; thresh=10; raw=0,—,—,value=100; worst=100; thresh=0; raw=15000,—,value=100; worst=100; thresh=0; raw=120,—,value=100; worst=100; thresh=0; raw=0,value=100; worst=100; thresh=0; raw=0,—,—,—,—,—,—,—,value=100; worst=100; thresh=0; raw=0,value=100; worst=100; thresh=0; raw=0,value=100; worst=100; thresh=0; raw=0,—,—,—,0,F,Failed,GRADED,—,—,F-SELF-TEST-HISTORY,A,F,False,False,false,Do not reuse - destroy/recycle,consumer,2026-09-25T15:39:00+00:00,2.0,No,"Not certified because grade is F (certification requires A, B, or C); critical deduction: Failed ATA self-test history (2 recent, 0 older).",—,,,,,,,,,,,,,,,,,,,,,,,,,,,,,,,,,,,,,,,,,,,,,,,,,,,,,,,,,,,,,,,,,,,,,,,,,,,,,,,,,,,,,,,,,,,,,,,,,,,,,,,
SATA HDD,MJKCMREL03,bench-02,2026-09-25 15:39 UTC,ST1000DM010-2EP102,SEAGATE,ATA,SATA,HDD,1.00 TB,RV01,2.5 inches,7200,True,8400,120,0,0,—,—,—,150,0,0,0,—,—,—,—,—,value=100; worst=100; thresh=10; raw=150,—,—,value=100; worst=100; thresh=0; raw=8400,—,value=100; worst=100; thresh=0; raw=120,—,value=100; worst=100; thresh=0; raw=0,value=100; worst=100; thresh=0; raw=0,—,—,—,—,—,—,—,value=100; worst=100; thresh=0; raw=0,value=100; worst=100; thresh=0; raw=0,value=100; worst=100; thresh=0; raw=0,—,—,—,0,F,Failed,GRADED,—,—,F-REALLOCATED-SECTORS,A,F,False,False,false,Do not reuse - destroy/recycle,consumer,2026-09-25T15:39:00+00:00,2.0,No,"Not certified because grade is F (certification requires A, B, or C); critical deduction: Reallocated sectors.",—,,,,,,,,,,,,,,,,,,,,,,,,,,,,,,,,,,,,,,,,,,,,,,,,,,,,,,,,,,,,,,,,,,,,,,,,,,,,,,,,,,,,,,,,,,,,,,,,,,,,,,,
SAS HDD,T5F7VXQ3,bench-02,2026-09-25 15:39 UTC,ST600MM0026,SEAGATE,SCSI,SAS,HDD,600 GB,0004,2.5 inches,10000,True,25000,—,—,—,—,—,—,0,—,0,0,—,,,,,,,,,,,,,,,,,,,,,,,,,,,100,A,Excellent,GRADED,—,—,—,A,A,False,True,true,Primary/Production,enterprise,2026-09-25T15:39:00+00:00,2.0,Yes,Certified because grade A (Excellent) and no critical deductions.,—,0,0,0,0,12345.678,0,0,0,0,0,0,1234.567,0,0,0,0,0,0,9876.543,0,0,,,,,,,,,,,,,,,,,,,,,,,,,,,,,,,,,,,,,,,,,,,,,,,,,,,,,,,,,,,,,,,,,,,,,,,,,,,,,,,,,,
SAS HDD,GGBLB65H97,bench-02,2026-09-25 15:39 UTC,HUC101212CSS600,HGST,SCSI,SAS,HDD,1.20 TB,RS20,2.5 inches,10000,True,45000,—,—,—,—,—,—,0,—,0,0,—,,,,,,,,,,,,,,,,,,,,,,,,,,,85,B,Good,GRADED,—,—,—,B,A,False,True,true,General purpose,enterprise,2026-09-25T15:39:00+00:00,2.0,Yes,Certified because grade B (Good) and no critical deductions.,—,0,0,0,0,10000.000,0,0,—,—,—,—,—,—,—,0,0,0,0,8000.000,0,0,,,,,,,,,,,,,,,,,,,,,,,,,,,,,,,,,,,,,,,,,,,,,,,,,,,,,,,,,,,,,,,,,,,,,,,,,,,,,,,,,,
SAS HDD,ANKHCRDAM6,bench-02,2026-09-25 15:39 UTC,ST1200MM0009,SEAGATE,SCSI,SAS,HDD,1.20 TB,RS20,2.5 inches,10000,True,3000,—,—,—,—,—,—,30,—,0,0,—,,,,,,,,,,,,,,,,,,,,,,,,,,,70,C,Fair,GRADED,—,—,—,A,C,False,True,true,Non-critical/Archival,enterprise,2026-09-25T15:39:00+00:00,2.0,Yes,Certified because grade C (Fair) and no critical deductions.,—,0,0,0,0,10000.000,0,0,—,—,—,—,—,—,—,0,0,0,0,8000.000,0,0,,,,,,,,,,,,,,,,,,,,,,,,,,,,,,,,,,,,,,,,,,,,,,,,,,,,,,,,,,,,,,,,,,,,,,,,,,,,,,,,,,
SAS HDD,7VTD079Y,bench-02,2026-09-25 15:39 UTC,ST900MM0006,SEAGATE,SCSI,SAS,HDD,1.20 TB,RS20,2.5 inches,10000,True,3192,—,—,—,—,—,—,13,—,6,6,—,,,,,,,,,,,,,,,,,,,,,,,,,,,70,C,Fair,GRADED,—,—,—,A,C,False,True,true,Non-critical/Archival,enterprise,2026-09-25T15:39:00+00:00,2.0,Yes,Certified because grade C (Fair) and no critical deductions.,—,0,0,0,0,10000.000,0,4,—,—,—,—,—,—,—,0,0,0,0,8000.000,0,2,,,,,,,,,,,,,,,,,,,,,,,,,,,,,,,,,,,,,,,,,,,,,,,,,,,,,,,,,,,,,,,,,,,,,,,,,,,,,,,,,,
SAS HDD,MBDXWPSA43,bench-02,2026-09-25 15:39 UTC,ST1200MM0009,SEAGATE,SCSI,SAS,HDD,1.20 TB,RS20,2.5 inches,10000,True,9000,—,—,—,—,—,—,0,—,0,0,—,,,,,,,,,,,,,,,,,,,,,,,,,,,50,D,Poor,GRADED,—,—,—,A,D,False,True,Advisory,Non-critical/Archival (Advisory),enterprise,2026-09-25T15:39:00+00:00,2.0,No,"Not certified because grade is D (Advisory tier; full certification requires A, B, or C); failed self-test: Failed SCSI self-test history (1 recent, 0 older).",—,0,0,0,0,10000.000,0,0,—,—,—,—,—,—,—,0,0,0,0,8000.000,0,0,,,,,,,,,,,,,,,,,,,,,,,,,,,,,,,,,,,,,,,,,,,,,,,,,,,,,,,,,,,,,,,,,,,,,,,,,,,,,,,,,,
SAS HDD,GXSHFRARQ5,bench-02,2026-09-25 15:39 UTC,ST1200MM0009,SEAGATE,SCSI,SAS,HDD,1.20 TB,RS20,2.5 inches,10000,True,3000,—,—,—,—,—,—,0,—,150,150,—,,,,,,,,,,,,,,,,,,,,,,,,,,,0,F,Failed,GRADED,—,—,F-UNCORRECTED-ERRORS,A,F,False,False,false,Do not reuse - destroy/recycle,enterprise,2026-09-25T15:39:00+00:00,2.0,No,"Not certified because grade is F (certification requires A, B, or C); critical deduction: Uncorrected read/write errors.",—,0,0,0,0,10000.000,0,100,—,—,—,—,—,—,—,0,0,0,0,8000.000,0,50,,,,,,,,,,,,,,,,,,,,,,,,,,,,,,,,,,,,,,,,,,,,,,,,,,,,,,,,,,,,,,,,,,,,,,,,,,,,,,,,,,
SAS HDD,GML2SE1T,bench-02,2026-09-25 15:39 UTC,ST1800MM0129,SEAGATE,SCSI,SAS,HDD,1.20 TB,RS20,2.5 inches,10000,False,39500,—,—,—,—,—,—,132,—,53,53,—,,,,,,,,,,,,,,,,,,,,,,,,,,,0,F,Failed,GRADED,—,—,F-SMART-FAIL | F-GROWN-DEFECTS,A,F,False,False,false,Do not reuse - destroy/recycle,enterprise,2026-09-25T15:39:00+00:00,2.0,No,"Not certified because grade is F (certification requires A, B, or C); critical deduction: SMART status failed; critical deduction: Grown defects; failed self-test: Failed SCSI self-test history (1 recent, 0 older).",—,0,0,0,0,10000.000,0,44,—,—,—,—,—,—,—,0,0,0,0,8000.000,0,9,,,,,,,,,,,,,,,,,,,,,,,,,,,,,,,,,,,,,,,,,,,,,,,,,,,,,,,,,,,,,,,,,,,,,,,,,,,,,,,,,,
SATA HDD,XRS7NKQ7,bench-02,2026-09-25 15:39 UTC,ST2000DM008-2FR102,SEAGATE,ATA,SATA,HDD,2.00 TB,0001,3.5 inches,7200,True,13500,25,100,50,35,45,60,0,0,0,0,—,value=80; worst=63; thresh=6; raw=166912512,—,value=97; worst=97; thresh=0; raw=0,value=100; worst=100; thresh=20; raw=50,value=100; worst=100; thresh=10; raw=0,value=87; worst=60; thresh=45; raw=533035008,—,value=85; worst=85; thresh=0; raw=13500,value=100; worst=100; thresh=97; raw=0,value=100; worst=100; thresh=20; raw=25,value=100; worst=100; thresh=99; raw=0,value=100; worst=100; thresh=0; raw=0,value=100; worst=100; thresh=0; raw=0,value=100; worst=100; thresh=0; raw=0,value=65; worst=55; thresh=40; raw=35 (Min/Max 20/45),—,—,value=100; worst=100; thresh=0; raw=100,value=35; worst=45; thresh=0; raw=35 (Min/Max 20/45),—,value=100; worst=100; thresh=0; raw=0,value=100; worst=100; thresh=0; raw=0,value=200; worst=200; thresh=0; raw=0,value=100; worst=253; thresh=0; raw=8426h+36m+00.000s,value=100; worst=253; thresh=0; raw=12345678901,value=100; worst=253; thresh=0; raw=98765432109,—,UNGRADED,Ungraded,UNGRADED,SECURITY_LOCKED,—,SECURITY_LOCKED,—,—,—,False,false,Manual review required,consumer,2026-09-25T15:39:00+00:00,2.0,No,Not graded: SECURITY_LOCKED. Drive requires manual review before disposition.,—,,,,,,,,,,,,,,,,,,,,,,,,,,,,,,,,,,,,,,,,,,,,,,,,,,,,,,,,,,,,,,,,,,,,,,,,,,,,,,,,,,,,,,,,,,,,,,,,,,,,,,,
SATA SSD,AHEXTKYCPPNR,bench-03,2026-09-25 15:40 UTC,MK000960GWSSD,HPE,ATA,SATA,SSD,960 GB,HPG3,2.5 inches,0,True,10645,0,0,0,12,29,60,0,—,—,—,—,value=200; worst=200; thresh=2; raw=0,,,,value=100; worst=100; thresh=5; raw=0,,,value=97; worst=97; thresh=0; raw=10645,,—,—,—,—,,,,,,value=88; worst=71; thresh=0; raw=12,value=100; worst=100; thresh=5; raw=0,—,—,—,,—,—,100,A,Excellent,GRADED,—,—,—,A,A,False,True,true,Primary/Production,consumer,2026-09-25T15:40:00+00:00,2.0,Yes,Certified because grade A (Excellent) and no critical deductions.,—,,,,,,,,,,,,,,,,,,,,,,0,—,—,—,—,—,—,—,—,value=99; worst=99; thresh=5; raw=5,—,value=100; worst=100; thresh=1; raw=0,value=200; worst=200; thresh=97; raw=0,value=100; worst=100; thresh=10; raw=0,—,—,—,—,—,,,,,,,,,,,,,,,,,,,,,,,,,,,,,,,,,,,,,,,,,,,,,,,,,,,,,,,,,,,,,,,
SATA SSD,EJDUJSANALWL,bench-03,2026-09-25 15:40 UTC,SANDISK SDSSDH3 512G,UNKNOWN,ATA,SATA,SSD,512 GB,40101000,2.5 inches,0,True,32019,19,0,0,—,—,—,0,—,—,—,—,—,,,,value=100; worst=100; raw=0,,,value=100; worst=100; raw=32019,,value=100; worst=100; raw=19,value=100; worst=100; raw=0,value=100; worst=100; raw=0,value=100; worst=100; raw=0,,,,,,value=77; worst=46; raw=23 (Min/Max 16/46),—,—,—,value=100; worst=100; raw=0,,value=253; worst=253; raw=113995,value=253; worst=253; raw=97983,85,B,Good,GRADED,—,—,—,B,A,False,True,true,General purpose,consumer,2026-09-25T15:40:00+00:00,2.0,Yes,Certified because grade B (Good) and no critical deductions.,—,,,,,,,,,,,,,,,,,,,,,,11,value=100; worst=100; raw=649410523126,value=100; worst=100; raw=87,value=100; worst=100; raw=45,value=100; worst=100; raw=140,value=100; worst=100; raw=384,value=100; worst=100; raw=0,value=100; worst=100; raw=0,value=100; worst=100; raw=0,value=100; worst=100; raw=116,value=100; worst=100; raw=8,—,—,—,value=24; worst=24; raw=26624690755639,value=100; worst=100; thresh=4; raw=100,value=100; worst=100; raw=58994,value=100; worst=100; raw=141517,value=0; worst=100; raw=0,,,,,,,,,,,,,,,,,,,,,,,,,,,,,,,,,,,,,,,,,,,,,,,,,,,,,,,,,,,,,,,
SATA SSD,LCUGPVJYA2,bench-03,2026-09-25 15:40 UTC,SAMSUNG SSD 870 EVO 1TB,UNKNOWN,ATA,SATA,SSD,1.00 TB,RV01,2.5 inches,0,True,12000,120,0,0,—,—,—,0,0,0,0,—,—,,,,value=100; worst=100; thresh=10; raw=0,,,value=100; worst=100; thresh=0; raw=12000,,value=100; worst=100; thresh=0; raw=120,—,value=100; worst=100; thresh=0; raw=0,value=100; worst=100; thresh=0; raw=0,,,,,,—,—,value=100; worst=100; thresh=0; raw=0,value=100; worst=100; thresh=0; raw=0,value=100; worst=100; thresh=0; raw=0,,—,—,100,A,Excellent,GRADED,—,—,—,A,A,False,True,true,Primary/Production,consumer,2026-09-25T15:40:00+00:00,2.0,Yes,Certified because grade A (Excellent) and no critical deductions.,—,,,,,,,,,,,,,,,,,,,,,,55,—,—,—,—,—,—,—,—,—,—,—,—,—,—,—,value=45; worst=45; thresh=0; raw=0,—,—,,,,,,,,,,,,,,,,,,,,,,,,,,,,,,,,,,,,,,,,,,,,,,,,,,,,,,,,,,,,,,,
SATA SSD,CYHEFVBGY1,bench-03,2026-09-25 15:40 UTC,SAMSUNG SSD 870 EVO 1TB,UNKNOWN,ATA,SATA,SSD,1.00 TB,RV01,2.5 inches,0,True,18000,120,0,0,—,—,—,0,0,0,0,—,—,,,,value=100; worst=100; thresh=10; raw=0,,,value=100; worst=100; thresh=0; raw=18000,,value=100; worst=100; thresh=0; raw=120,—,value=100; worst=100; thresh=0; raw=0,value=100; worst=100; thresh=0; raw=0,,,,,,—,—,value=100; worst=100; thresh=0; raw=0,value=100; worst=100; thresh=0; raw=0,value=100; worst=100; thresh=0; raw=0,,—,—,90,A,Excellent,GRADED,—,—,—,A,A,False,True,true,Primary/Production,consumer,2026-09-25T15:40:00+00:00,2.0,Yes,Certified because grade A (Excellent) and no critical deductions.,—,,,,,,,,,,,,,,,,,,,,,,97,—,—,—,—,—,—,—,—,—,—,—,—,—,—,—,value=3; worst=3; thresh=0; raw=0,—,—,,,,,,,,,,,,,,,,,,,,,,,,,,,,,,,,,,,,,,,,,,,,,,,,,,,,,,,,,,,,,,,
SATA HDD,LFZWM37C17,bench-03,2026-09-25 15:40 UTC,WDC WD10EZEX-08WN4A0,WD,ATA,SATA,HDD,1.00 TB,RV01,2.5 inches,7200,True,25000,120,0,0,—,—,—,0,0,0,0,—,—,—,—,—,value=100; worst=100; thresh=10; raw=0,—,—,value=100; worst=100; thresh=0; raw=25000,—,value=100; worst=100; thresh=0; raw=120,—,value=100; worst=100; thresh=0; raw=0,value=100; worst=100; thresh=0; raw=0,—,—,—,—,—,—,—,value=100; worst=100; thresh=0; raw=0,value=100; worst=100; thresh=0; raw=0,value=100; worst=100; thresh=0; raw=0,—,—,—,85,B,Good,GRADED,—,—,—,B,A,False,True,true,General purpose,consumer,2026-09-25T15:40:00+00:00,2.0,Yes,Certified because grade B (Good) and no critical deductions.,—,,,,,,,,,,,,,,,,,,,,,,,,,,,,,,,,,,,,,,,,,,,,,,,,,,,,,,,,,,,,,,,,,,,,,,,,,,,,,,,,,,,,,,,,,,,,,,,,,,,,,,,
SATA HDD,MAPSZ25T32,bench-03,2026-09-25 15:40 UTC,WDC WD10EZEX-08WN4A0,WD,ATA,SATA,HDD,1.00 TB,RV01,2.5 inches,7200,True,65000,120,0,0,—,—,—,0,0,0,0,—,—,—,—,—,value=100; worst=100; thresh=10; raw=0,—,—,value=100; worst=100; thresh=0; raw=65000,—,value=100; worst=100; thresh=0; raw=120,—,value=100; worst=100; thresh=0; raw=0,value=100; worst=100; thresh=0; raw=0,—,—,—,—,—,—,—,value=100; worst=100; thresh=0; raw=0,value=100; worst=100; thresh=0; raw=0,value=100; worst=100; thresh=0; raw=0,—,—,—,50,D,Poor,GRADED,—,—,—,D,A,False,True,Advisory,Non-critical/Archival (Advisory),consumer,2026-09-25T15:40:00+00:00,2.0,No,"Not certified because grade is D (Advisory tier; full certification requires A, B, or C).",—,,,,,,,,,,,,,,,,,,,,,,,,,,,,,,,,,,,,,,,,,,,,,,,,,,,,,,,,,,,,,,,,,,,,,,,,,,,,,,,,,,,,,,,,,,,,,,,,,,,,,,,
NVMe SSD,KBA932402,bench-03,2026-09-25 15:40 UTC,SSDPEK1A118GA,INTEL,NVMe,NVMe,SSD,118 GB,U5110550,—,—,True,24385,—,—,—,40,—,78,—,—,—,—,—,,,,,,,,,,,,,,,,,,,,,,,,,,,95,A,Excellent,GRADED,—,—,—,A,A,False,True,true,Primary/Production,enterprise,2026-09-25T15:40:00+00:00,2.0,Yes,Certified because grade A (Excellent) and no critical deductions.,—,,,,,,,,,,,,,,,,,,,,,,,,,,,,,,,,,,,,,,,,,0,100,0,0,0.568912896,0,566555,1111158,7532000,7372044,16,76,24385,16,0,1,0,No self-test in progress,0,20,—,16,64,0,—,—,—,—,—,—,—,—,—,—,—,—,—,—,—,—,—,—,—,—,—,—,—,—,—,—,—,—,—,—,—,—,—,—,—,,"{""size"": 64, ""read"": 16, ""unread"": 0}","{""current_self_test_operation"": {""value"": 0, ""string"": ""No self-test in progress""}, ""table"": [{""self_test_code"": {""value"": 1, ""string"": ""Short""}, ""self_test_result"": {""value"": 0, ""string"": ""Completed without error""}, ""power_on_hours"": 24366}, {""self_test_code"": {""value"": 1, ""string"": ""Short""}, ""self_test_result"": {""value"": 0, ""string"": ""Completed without error""}, ""power_on_hours"": 24366}, {""self_test_code"": {""value"": 1, ""string"": ""Short""}, ""self_test_result"": {""value"": 0, ""string"": ""Completed without error""}, ""power_on_hours"": 24366}, {""self_test_code"": {""value"": 1, ""string"": ""Short""}, ""self_test_result"": {""value"": 0, ""string"": ""Completed without error""}, ""power_on_hours"": 24366}, {""self_test_code"": {""value"": 1, ""string"": ""Short""}, ""self_test_result"": {""value"": 0, ""string"": ""Completed without error""}, ""power_on_hours"": 24366}, {""self_test_code"": {""value"": 1, ""string"": ""Short""}, ""self_test_result"": {""value"": 0, ""string"": ""Completed without error""}, ""power_on_hours"": 24366}, {""self_test_code"": {""value"": 1, ""string"": ""Short""}, ""self_test_result"": {""value"": 0, ""string"": ""Completed without error""}, ""power_on_hours"": 24366}, {""self_test_code"": {""value"": 1, ""string"": ""Short""}, ""self_test_result"": {""value"": 0, ""string"": ""Completed without error""}, ""power_on_hours"": 24366}, {""self_test_code"": {""value"": 1, ""string"": ""Short""}, ""self_test_result"": {""value"": 0, ""string"": ""Completed without error""}, ""power_on_hours"": 24366}, {""self_test_code"": {""value"": 1, ""string"": ""Short""}, ""self_test_result"": {""value"": 0, ""string"": ""Completed without error""}, ""power_on_hours"": 24366}, {""self_test_code"": {""value"": 1, ""string"": ""Short""}, ""self_test_result"": {""value"": 0, ""string"": ""Completed without error""}, ""power_on_hours"": 24366}, {""self_test_code"": {""value"": 1, ""string"": ""Short""}, ""self_test_result"": {""value"": 0, ""string"": ""Completed without error""}, ""power_on_hours"": 24366}, {""self_test_code"": {""value"": 1, ""string"": ""Short""}, ""self_test_result"": {""value"": 0, ""string"": ""Completed without error""}, ""power_on_hours"": 24365}, {""self_test_code"": {""value"": 1, ""string"": ""Short""}, ""self_test_result"": {""value"": 0, ""string"": ""Completed without error""}, ""power_on_hours"": 24365}, {""self_test_code"": {""value"": 1, ""string"": ""Short""}, ""self_test_result"": {""value"": 0, ""string"": ""Completed without error""}, ""power_on_hours"": 24365}, {""self_test_code"": {""value"": 1, ""string"": ""Short""}, ""self_test_result"": {""value"": 0, ""string"": ""Completed without error""}, ""power_on_hours"": 24365}, {""self_test_code"": {""value"": 1, ""string"": ""Short""}, ""self_test_result"": {""value"": 0, ""string"": ""Completed without error""}, ""power_on_hours"": 24365}, {""self_test_code"": {""value"": 1, ""string"": ""Short""}, ""self_test_result"": {""value"": 0, ""string"": ""Completed without error""}, ""power_on_hours"": 24365}, {""self_test_code"": {""value"": 1, ""string"": ""Short""}, ""self_test_result"": {""value"": 0, ""string"": ""Completed without error""}, ""power_on_hours"": 24365}, {""self_test_code"": {""value"": 1, ""string"": ""Short""}, ""self_test_result"": {""value"": 0, ""string"": ""Completed without error""}, ""power_on_hours"": 24365}]}",
NVMe SSD,BQXRRTSHXSRD,bench-03,2026-09-25 15:40 UTC,SKHYNIX PE6110 NVME 1TB,UNKNOWN,NVMe,NVMe,SSD,0.00 B,—,—,—,—,—,—,—,—,—,—,—,—,—,—,—,—,,,,,,,,,,,,,,,,,,,,,,,,,,,—,UNGRADED,Ungraded,UNGRADED,SMART_UNREADABLE,—,SMART_UNREADABLE,—,—,—,False,false,Manual review required,enterprise,2026-09-25T15:40:00+00:00,2.0,No,Not graded: SMART_UNREADABLE. Drive requires manual review before disposition.,—,,,,,,,,,,,,,,,,,,,,,,,,,,,,,,,,,,,,,,,,,—,—,—,—,—,0,—,—,—,—,—,—,—,—,—,—,—,—,0,0,—,—,—,—,—,—,—,—,—,—,—,—,—,—,—,—,—,—,—,—,—,—,—,—,—,—,—,—,—,—,—,—,—,—,—,—,—,—,—,,,,
