dut,model_number,serial_number,transport_protocol,capacity,health_score,health_grade,health_status,is_certified,smart_status,reallocated_sectors,pending_sectors,uncorrectable_errors,current_temperature,final_grade,grading_status,ungraded_reasons,warning_flags,fail_reason_codes,attribute_grades,age_cap_grade,defect_grade,multi_factor_applied,revert_eligible,revert_certified,recommended_use,drive_class,scan_timestamp,revert_standard_version
/dev/nvme0,KIOXIA KCD81VUG6T40,EJKFQVUEARVC,NVMe,,95,A,Excellent,true,true,,,,34,A,GRADED,,,,"{""available_spare"": {""value"": 100, ""grade"": ""A"", ""threshold"": 3}, ""self_test_history"": {""value"": 0, ""grade"": ""A"", ""recent_failures"": 0, ""old_failures"": 0}}",A,A,false,true,true,Primary/Production,enterprise,2026-09-25T15:38:00+00:00,2.0
/dev/nvme1,FADU DELTA U.2 1.92TB,RFGPTKAXNVGK,NVMe,,100,A,Excellent,true,true,,,,34,A,GRADED,,,,"{""available_spare"": {""value"": 100, ""grade"": ""A"", ""threshold"": 10}}",A,A,false,true,true,Primary/Production,enterprise,2026-09-25T15:38:00+00:00,2.0
/dev/nvme2,KIOXIA KCD81VUG6T40,PPLDQVBYFGQQ,NVMe,,95,A,Excellent,true,true,,,,31,A,GRADED,,,,"{""available_spare"": {""value"": 100, ""grade"": ""A"", ""threshold"": 3}}",A,A,false,true,true,Primary/Production,enterprise,2026-09-25T15:38:00+00:00,2.0
/dev/nvme3,KIOXIA KCD81VUG6T40,NVGEPNCKQSHY,NVMe,,95,A,Excellent,true,true,,,,30,A,GRADED,,,,"{""available_spare"": {""value"": 100, ""grade"": ""A"", ""threshold"": 3}}",A,A,false,true,true,Primary/Production,enterprise,2026-09-25T15:38:00+00:00,2.0
/dev/nvme4,KCM61VUL3T20,ARNVJTLJPBKD,NVMe,,100,A,Excellent,true,true,,,,36,A,GRADED,,,,"{""available_spare"": {""value"": 100, ""grade"": ""A"", ""threshold"": 12}}",A,A,false,true,true,Primary/Production,enterprise,2026-09-25T15:38:00+00:00,2.0
/dev/nvme5,SSDPE2KE032T8,EPW221383,NVMe,,100,A,Excellent,true,true,,,,28,A,GRADED,,,,"{""available_spare"": {""value"": 100, ""grade"": ""A"", ""threshold"": 10}}",A,A,false,true,true,Primary/Production,enterprise,2026-09-25T15:38:00+00:00,2.0
/dev/nvme6,SSDPE2KE032T8,WHU512633,NVMe,,100,A,Excellent,true,true,,,,28,A,GRADED,,,,"{""available_spare"": {""value"": 100, ""grade"": ""A"", ""threshold"": 10}}",A,A,false,true,true,Primary/Production,enterprise,2026-09-25T15:38:00+00:00,2.0
/dev/nvme7,SSDPF21Q800GB,XCR053095,NVMe,,50,D,Poor,false,true,,,,28,D,GRADED,,,,"{""available_spare"": {""value"": 100, ""grade"": ""A"", ""threshold"": 0}, ""self_test_history"": {""value"": 1, ""grade"": ""D"", ""recent_failures"": 1, ""old_failures"": 0}}",A,D,false,true,Advisory,Non-critical/Archival (Advisory),enterprise,2026-09-25T15:38:00+00:00,2.0
/dev/nvme8,SAMPLE NV1920,ACGKBJTJ34,NVMe,,100,A,Excellent,true,true,,,,32,A,GRADED,,,,"{""available_spare"": {""value"": 100, ""grade"": ""A"", ""threshold"": 10}, ""self_test_history"": {""value"": 0, ""grade"": ""A"", ""recent_failures"": 0, ""old_failures"": 0}}",A,A,false,true,true,Primary/Production,enterprise,2026-09-25T15:38:00+00:00,2.0
/dev/nvme9,SAMPLE NV1920,KZJVWSEN99,NVMe,,0,F,Failed,false,false,,,,32,F,GRADED,,,F-SMART-FAIL | F-SPARE-BLOCKS | F-NVME-CRITICAL-WARNING | F-MEDIA-ERRORS,"{""available_spare"": {""value"": 4, ""grade"": ""F"", ""threshold"": 10}, ""self_test_history"": {""value"": 0, ""grade"": ""A"", ""recent_failures"": 0, ""old_failures"": 0}}",A,F,false,false,false,Do not reuse - destroy/recycle,enterprise,2026-09-25T15:38:00+00:00,2.0
