dut,model_number,serial_number,transport_protocol,capacity,health_score,health_grade,health_status,is_certified,smart_status,reallocated_sectors,pending_sectors,uncorrectable_errors,current_temperature,final_grade,grading_status,ungraded_reasons,warning_flags,fail_reason_codes,attribute_grades,age_cap_grade,defect_grade,multi_factor_applied,revert_eligible,revert_certified,recommended_use,drive_class,scan_timestamp,revert_standard_version,bench
/dev/nvme0,KIOXIA KCD81VUG6T40,EJKFQVUEARVC,NVMe,,95,A,Excellent,true,true,,,,34,A,GRADED,,,,"{""available_spare"": {""value"": 100, ""grade"": ""A"", ""threshold"": 3}, ""self_test_history"": {""value"": 0, ""grade"": ""A"", ""recent_failures"": 0, ""old_failures"": 0}}",A,A,false,true,true,Primary/Production,enterprise,2026-09-25T15:38:00+00:00,2.0,bench-01
/dev/nvme1,FADU DELTA U.2 1.92TB,RFGPTKAXNVGK,NVMe,,100,A,Excellent,true,true,,,,34,A,GRADED,,,,"{""available_spare"": {""value"": 100, ""grade"": ""A"", ""threshold"": 10}}",A,A,false,true,true,Primary/Production,enterprise,2026-09-25T15:38:00+00:00,2.0,bench-01
/dev/nvme2,KIOXIA KCD81VUG6T40,PPLDQVBYFGQQ,NVMe,,95,A,Excellent,true,true,,,,31,A,GRADED,,,,"{""available_spare"": {""value"": 100, ""grade"": ""A"", ""threshold"": 3}}",A,A,false,true,true,Primary/Production,enterprise,2026-09-25T15:38:00+00:00,2.0,bench-01
/dev/nvme3,KIOXIA KCD81VUG6T40,NVGEPNCKQSHY,NVMe,,95,A,Excellent,true,true,,,,30,A,GRADED,,,,"{""available_spare"": {""value"": 100, ""grade"": ""A"", ""threshold"": 3}}",A,A,false,true,true,Primary/Production,enterprise,2026-09-25T15:38:00+00:00,2.0,bench-01
/dev/nvme4,KCM61VUL3T20,ARNVJTLJPBKD,NVMe,,100,A,Excellent,true,true,,,,36,A,GRADED,,,,"{""available_spare"": {""value"": 100, ""grade"": ""A"", ""threshold"": 12}}",A,A,false,true,true,Primary/Production,enterprise,2026-09-25T15:38:00+00:00,2.0,bench-01
/dev/nvme5,SSDPE2KE032T8,EPW221383,NVMe,,100,A,Excellent,true,true,,,,28,A,GRADED,,,,"{""available_spare"": {""value"": 100, ""grade"": ""A"", ""threshold"": 10}}",A,A,false,true,true,Primary/Production,enterprise,2026-09-25T15:38:00+00:00,2.0,bench-01
/dev/nvme6,SSDPE2KE032T8,WHU512633,NVMe,,100,A,Excellent,true,true,,,,28,A,GRADED,,,,"{""available_spare"": {""value"": 100, ""grade"": ""A"", ""threshold"": 10}}",A,A,false,true,true,Primary/Production,enterprise,2026-09-25T15:38:00+00:00,2.0,bench-01
/dev/nvme7,SSDPF21Q800GB,XCR053095,NVMe,,50,D,Poor,false,true,,,,28,D,GRADED,,,,"{""available_spare"": {""value"": 100, ""grade"": ""A"", ""threshold"": 0}, ""self_test_history"": {""value"": 1, ""grade"": ""D"", ""recent_failures"": 1, ""old_failures"": 0}}",A,D,false,true,Advisory,Non-critical/Archival (Advisory),enterprise,2026-09-25T15:38:00+00:00,2.0,bench-01
/dev/nvme8,SAMPLE NV1920,ACGKBJTJ34,NVMe,,100,A,Excellent,true,true,,,,32,A,GRADED,,,,"{""available_spare"": {""value"": 100, ""grade"": ""A"", ""threshold"": 10}, ""self_test_history"": {""value"": 0, ""grade"": ""A"", ""recent_failures"": 0, ""old_failures"": 0}}",A,A,false,true,true,Primary/Production,enterprise,2026-09-25T15:38:00+00:00,2.0,bench-01
/dev/nvme9,SAMPLE NV1920,KZJVWSEN99,NVMe,,0,F,Failed,false,false,,,,32,F,GRADED,,,F-SMART-FAIL | F-SPARE-BLOCKS | F-NVME-CRITICAL-WARNING | F-MEDIA-ERRORS,"{""available_spare"": {""value"": 4, ""grade"": ""F"", ""threshold"": 10}, ""self_test_history"": {""value"": 0, ""grade"": ""A"", ""recent_failures"": 0, ""old_failures"": 0}}",A,F,false,false,false,Do not reuse - destroy/recycle,enterprise,2026-09-25T15:38:00+00:00,2.0,bench-01
/dev/sda,ST2000DM008-2FR102,NGQ3ARF9,ATA,,100,A,Excellent,true,true,0,0,0,35,A,GRADED,,,,"{""reallocated_sectors"": {""value"": 0, ""grade"": ""A""}, ""pending_sectors"": {""value"": 0, ""grade"": ""A""}, ""uncorrectable_errors"": {""value"": 0, ""grade"": ""A""}, ""self_test_history"": {""value"": 0, ""grade"": ""A"", ""recent_failures"": 0, ""old_failures"": 0}}",A,A,false,true,true,Primary/Production,consumer,2026-09-25T15:39:00+00:00,2.0,bench-02
/dev/sdb,ST1000DM010-2EP102,WWSHFLYV47,ATA,,85,B,Good,true,true,5,0,0,,B,GRADED,,,,"{""reallocated_sectors"": {""value"": 5, ""grade"": ""B""}, ""pending_sectors"": {""value"": 0, ""grade"": ""A""}, ""uncorrectable_errors"": {""value"": 0, ""grade"": ""A""}, ""self_test_history"": {""value"": 0, ""grade"": ""A"", ""recent_failures"": 0, ""old_failures"": 0}}",A,B,false,true,true,General purpose,consumer,2026-09-25T15:39:00+00:00,2.0,bench-02
/dev/sdc,ST1000LM048-2E7172,ARE3TCR1,ATA,,70,C,Fair,true,true,48,0,0,,C,GRADED,,,,"{""reallocated_sectors"": {""value"": 48, ""grade"": ""C""}, ""pending_sectors"": {""value"": 0, ""grade"": ""A""}, ""uncorrectable_errors"": {""value"": 0, ""grade"": ""A""}, ""self_test_history"": {""value"": 0, ""grade"": ""A"", ""recent_failures"": 0, ""old_failures"": 0}}",B,C,false,true,true,Non-critical/Archival,consumer,2026-09-25T15:39:00+00:00,2.0,bench-02
/dev/sdd,MQ01ABD100,Y9HKDQVD,ATA,,50,D,Poor,false,true,0,56,0,,D,GRADED,,,,"{""reallocated_sectors"": {""value"": 0, ""grade"": ""A""}, ""pending_sectors"": {""value"": 56, ""grade"": ""D""}, ""uncorrectable_errors"": {""value"": 0, ""grade"": ""A""}, ""self_test_history"": {""value"": 0, ""grade"": ""A"", ""recent_failures"": 0, ""old_failures"": 0}}",B,D,false,true,Advisory,Non-critical/Archival (Advisory),consumer,2026-09-25T15:39:00+00:00,2.0,bench-02
/dev/sde,ST1000DM010-2EP102,RGANZCL768,ATA,,0,F,Failed,false,true,0,0,0,,F,GRADED,,,F-SELF-TEST-HISTORY,"{""reallocated_sectors"": {""value"": 0, ""grade"": ""A""}, ""pending_sectors"": {""value"": 0, ""grade"": ""A""}, ""uncorrectable_errors"": {""value"": 0, ""grade"": ""A""}, ""self_test_history"": {""value"": 2, ""grade"": ""F"", ""recent_failures"": 2, ""old_failures"": 0}}",A,F,false,false,false,Do not reuse - destroy/recycle,consumer,2026-09-25T15:39:00+00:00,2.0,bench-02
/dev/sdf,ST1000DM010-2EP102,MJKCMREL03,ATA,,0,F,Failed,false,true,150,0,0,,F,GRADED,,,F-REALLOCATED-SECTORS,"{""reallocated_sectors"": {""value"": 150, ""grade"": ""F""}, ""pending_sectors"": {""value"": 0, ""grade"": ""A""}, ""uncorrectable_errors"": {""value"": 0, ""grade"": ""A""}, ""self_test_history"": {""value"": 0, ""grade"": ""A"", ""recent_failures"": 0, ""old_failures"": 0}}",A,F,false,false,false,Do not reuse - destroy/recycle,consumer,2026-09-25T15:39:00+00:00,2.0,bench-02
/dev/sdg,ST600MM0026,T5F7VXQ3,SCSI,,100,A,Excellent,true,true,0,,0,,A,GRADED,,,,"{""grown_defects"": {""value"": 0, ""grade"": ""A""}, ""uncorrected_errors"": {""value"": 0, ""grade"": ""A""}}",A,A,false,true,true,Primary/Production,enterprise,2026-09-25T15:39:00+00:00,2.0,bench-02
/dev/sdh,HUC101212CSS600,GGBLB65H97,SCSI,,85,B,Good,true,true,0,,0,,B,GRADED,,,,"{""grown_defects"": {""value"": 0, ""grade"": ""A""}, ""uncorrected_errors"": {""value"": 0, ""grade"": ""A""}}",B,A,false,true,true,General purpose,enterprise,2026-09-25T15:39:00+00:00,2.0,bench-02
/dev/sdi,ST1200MM0009,ANKHCRDAM6,SCSI,,70,C,Fair,true,true,30,,0,,C,GRADED,,,,"{""grown_defects"": {""value"": 30, ""grade"": ""C""}, ""uncorrected_errors"": {""value"": 0, ""grade"": ""A""}}",A,C,false,true,true,Non-critical/Archival,enterprise,2026-09-25T15:39:00+00:00,2.0,bench-02
/dev/sdj,ST900MM0006,7VTD079Y,SCSI,,70,C,Fair,true,true,13,,6,,C,GRADED,,,,"{""grown_defects"": {""value"": 13, ""grade"": ""C""}, ""uncorrected_errors"": {""value"": 6, ""grade"": ""C""}}",A,C,false,true,true,Non-critical/Archival,enterprise,2026-09-25T15:39:00+00:00,2.0,bench-02
/dev/sdk,ST1200MM0009,MBDXWPSA43,SCSI,,50,D,Poor,false,true,0,,0,,D,GRADED,,,,"{""grown_defects"": {""value"": 0, ""grade"": ""A""}, ""uncorrected_errors"": {""value"": 0, ""grade"": ""A""}, ""self_test_history"": {""value"": 1, ""grade"": ""D"", ""recent_failures"": 1, ""old_failures"": 0}}",A,D,false,true,Advisory,Non-critical/Archival (Advisory),enterprise,2026-09-25T15:39:00+00:00,2.0,bench-02
/dev/sdl,ST1200MM0009,GXSHFRARQ5,SCSI,,0,F,Failed,false,true,0,,150,,F,GRADED,,,F-UNCORRECTED-ERRORS,"{""grown_defects"": {""value"": 0, ""grade"": ""A""}, ""uncorrected_errors"": {""value"": 150, ""grade"": ""F""}}",A,F,false,false,false,Do not reuse - destroy/recycle,enterprise,2026-09-25T15:39:00+00:00,2.0,bench-02
/dev/sdm,ST1800MM0129,GML2SE1T,SCSI,,0,F,Failed,false,false,132,,53,,F,GRADED,,,F-SMART-FAIL | F-GROWN-DEFECTS,"{""grown_defects"": {""value"": 132, ""grade"": ""F""}, ""uncorrected_errors"": {""value"": 53, ""grade"": ""D""}, ""self_test_history"": {""value"": 1, ""grade"": ""D"", ""recent_failures"": 1, ""old_failures"": 0}}",A,F,false,false,false,Do not reuse - destroy/recycle,enterprise,2026-09-25T15:39:00+00:00,2.0,bench-02
/dev/sdn,ST2000DM008-2FR102,XRS7NKQ7,ATA,,,UNGRADED,Ungraded,false,true,0,0,0,35,UNGRADED,UNGRADED,SECURITY_LOCKED,,SECURITY_LOCKED,,,,,false,false,Manual review required,consumer,2026-09-25T15:39:00+00:00,2.0,bench-02
/dev/sda,MK000960GWSSD,AHEXTKYCPPNR,ATA,,100,A,Excellent,true,true,0,,,12,A,GRADED,,,,"{""reallocated_sectors"": {""value"": 0, ""grade"": ""A""}}",A,A,false,true,true,Primary/Production,consumer,2026-09-25T15:40:00+00:00,2.0,bench-03
/dev/sdb,SANDISK SDSSDH3 512G,EJDUJSANALWL,ATA,,85,B,Good,true,true,0,,,,B,GRADED,,,,"{""reallocated_sectors"": {""value"": 0, ""grade"": ""A""}, ""available_reserved_space"": {""value"": 100, ""grade"": ""A"", ""threshold"": 4}}",B,A,false,true,true,General purpose,consumer,2026-09-25T15:40:00+00:00,2.0,bench-03
/dev/sdc,SAMSUNG SSD 870 EVO 1TB,LCUGPVJYA2,ATA,,100,A,Excellent,true,true,0,0,0,,A,GRADED,,,,"{""reallocated_sectors"": {""value"": 0, ""grade"": ""A""}, ""pending_sectors"": {""value"": 0, ""grade"": ""A""}, ""uncorrectable_errors"": {""value"": 0, ""grade"": ""A""}, ""self_test_history"": {""value"": 0, ""grade"": ""A"", ""recent_failures"": 0, ""old_failures"": 0}}",A,A,false,true,true,Primary/Production,consumer,2026-09-25T15:40:00+00:00,2.0,bench-03
/dev/sdd,SAMSUNG SSD 870 EVO 1TB,CYHEFVBGY1,ATA,,90,A,Excellent,true,true,0,0,0,,A,GRADED,,,,"{""reallocated_sectors"": {""value"": 0, ""grade"": ""A""}, ""pending_sectors"": {""value"": 0, ""grade"": ""A""}, ""uncorrectable_errors"": {""value"": 0, ""grade"": ""A""}, ""self_test_history"": {""value"": 0, ""grade"": ""A"", ""recent_failures"": 0, ""old_failures"": 0}}",A,A,false,true,true,Primary/Production,consumer,2026-09-25T15:40:00+00:00,2.0,bench-03
/dev/sde,WDC WD10EZEX-08WN4A0,LFZWM37C17,ATA,,85,B,Good,true,true,0,0,0,,B,GRADED,,,,"{""reallocated_sectors"": {""value"": 0, ""grade"": ""A""}, ""pending_sectors"": {""value"": 0, ""grade"": ""A""}, ""uncorrectable_errors"": {""value"": 0, ""grade"": ""A""}, ""self_test_history"": {""value"": 0, ""grade"": ""A"", ""recent_failures"": 0, ""old_failures"": 0}}",B,A,false,true,true,General purpose,consumer,2026-09-25T15:40:00+00:00,2.0,bench-03
/dev/sdf,WDC WD10EZEX-08WN4A0,MAPSZ25T32,ATA,,50,D,Poor,false,true,0,0,0,,D,GRADED,,,,"{""reallocated_sectors"": {""value"": 0, ""grade"": ""A""}, ""pending_sectors"": {""value"": 0, ""grade"": ""A""}, ""uncorrectable_errors"": {""value"": 0, ""grade"": ""A""}, ""self_test_history"": {""value"": 0, ""grade"": ""A"", ""recent_failures"": 0, ""old_failures"": 0}}",D,A,false,true,Advisory,Non-critical/Archival (Advisory),consumer,2026-09-25T15:40:00+00:00,2.0,bench-03
/dev/nvme0,SSDPEK1A118GA,KBA932402,NVMe,,95,A,Excellent,true,true,,,,40,A,GRADED,,,,"{""available_spare"": {""value"": 100, ""grade"": ""A"", ""threshold"": 0}, ""self_test_history"": {""value"": 0, ""grade"": ""A"", ""recent_failures"": 0, ""old_failures"": 0}}",A,A,false,true,true,Primary/Production,enterprise,2026-09-25T15:40:00+00:00,2.0,bench-03
/dev/nvme1,SKHYNIX PE6110 NVME 1TB,BQXRRTSHXSRD,NVMe,,,UNGRADED,Ungraded,false,,,,,,UNGRADED,UNGRADED,SMART_UNREADABLE,,SMART_UNREADABLE,,,,,false,false,Manual review required,enterprise,2026-09-25T15:40:00+00:00,2.0,bench-03
