Report category,Serial,Host,Scanned at,Model,Vendor,Protocol,Interface,Media,Capacity,Firmware,Form factor,Rotation rate,SMART status,Power-on hours,Power cycles,Load cycles,Start/stop count,Temperature °C,Highest temp °C,Max rated temp °C,Reallocated sectors,Pending sectors,Uncorrectable errors,Offline uncorrectable,Non-medium errors,Health score,Grade,Health status,Grading status,Ungraded reasons,Warning flags,Fail reason codes,Age-cap grade,Defect grade,Multi-factor applied,Revert eligible,Revert certified,Recommended use,Drive class,Scan timestamp,Revert standard version,CDI certified,Certification rationale,Deductions
SATA HDD,NGQ3ARF9,bench-02,2026-09-25 15:39 UTC,ST2000DM008-2FR102,SEAGATE,ATA,SATA,HDD,2.00 TB,0001,3.5 inches,7200,True,13500,25,100,50,35,45,60,0,0,0,0,—,100,A,Excellent,GRADED,—,—,—,A,A,False,True,true,Primary/Production,consumer,2026-09-25T15:39:00+00:00,2.0,Yes,Certified because grade A (Excellent) and no critical deductions.,—
SATA HDD,WWSHFLYV47,bench-02,2026-09-25 15:39 UTC,ST1000DM010-2EP102,SEAGATE,ATA,SATA,HDD,1.00 TB,RV01,2.5 inches,7200,True,8100,120,0,0,—,—,—,5,0,0,0,—,85,B,Good,GRADED,—,—,—,A,B,False,True,true,General purpose,consumer,2026-09-25T15:39:00+00:00,2.0,Yes,Certified because grade B (Good) and no critical deductions.,—
SATA HDD,ARE3TCR1,bench-02,2026-09-25 15:39 UTC,ST1000LM048-2E7172,SEAGATE,ATA,SATA,HDD,1.00 TB,0002,2.5 inches,5400,True,45000,1200,100000,1500,—,—,—,48,0,0,0,—,70,C,Fair,GRADED,—,—,—,B,C,False,True,true,Non-critical/Archival,consumer,2026-09-25T15:39:00+00:00,2.0,Yes,Certified because grade C (Fair) and no critical deductions.,—
SATA HDD,Y9HKDQVD,bench-02,2026-09-25 15:39 UTC,MQ01ABD100,TOSHIBA,ATA,SATA,HDD,1.00 TB,AX001U,2.5 inches,5400,True,30000,5000,250000,8500,—,—,—,0,56,0,0,—,50,D,Poor,GRADED,—,—,—,B,D,False,True,Advisory,Non-critical/Archival (Advisory),consumer,2026-09-25T15:39:00+00:00,2.0,No,"Not certified because grade is D (Advisory tier; full certification requires A, B, or C).",—
SATA HDD,RGANZCL768,bench-02,2026-09-25 15:39 UTC,ST1000DM010-2EP102,SEAGATE,ATA,SATA,HDD,1.00 TB,RV01,2.5 inches,7200,True,15000,120,0,0,—,—,—,0,0,0,0,—,0,F,Failed,GRADED,—,—,F-SELF-TEST-HISTORY,A,F,False,False,false,Do not reuse - destroy/recycle,consumer,2026-09-25T15:39:00+00:00,2.0,No,"Not certified because grade is F (certification requires A, B, or C); critical deduction: Failed ATA self-test history (2 recent, 0 older).",—
SATA HDD,MJKCMREL03,bench-02,2026-09-25 15:39 UTC,ST1000DM010-2EP102,SEAGATE,ATA,SATA,HDD,1.00 TB,RV01,2.5 inches,7200,True,8400,120,0,0,—,—,—,150,0,0,0,—,0,F,Failed,GRADED,—,—,F-REALLOCATED-SECTORS,A,F,False,False,false,Do not reuse - destroy/recycle,consumer,2026-09-25T15:39:00+00:00,2.0,No,"Not certified because grade is F (certification requires A, B, or C); critical deduction: Reallocated sectors.",—
SAS HDD,T5F7VXQ3,bench-02,2026-09-25 15:39 UTC,ST600MM0026,SEAGATE,SCSI,SAS,HDD,600 GB,0004,2.5 inches,10000,True,25000,—,—,—,—,—,—,0,—,0,0,—,100,A,Excellent,GRADED,—,—,—,A,A,False,True,true,Primary/Production,enterprise,2026-09-25T15:39:00+00:00,2.0,Yes,Certified because grade A (Excellent) and no critical deductions.,—
SAS HDD,GGBLB65H97,bench-02,2026-09-25 15:39 UTC,HUC101212CSS600,HGST,SCSI,SAS,HDD,1.20 TB,RS20,2.5 inches,10000,True,45000,—,—,—,—,—,—,0,—,0,0,—,85,B,Good,GRADED,—,—,—,B,A,False,True,true,General purpose,enterprise,2026-09-25T15:39:00+00:00,2.0,Yes,Certified because grade B (Good) and no critical deductions.,—
SAS HDD,ANKHCRDAM6,bench-02,2026-09-25 15:39 UTC,ST1200MM0009,SEAGATE,SCSI,SAS,HDD,1.20 TB,RS20,2.5 inches,10000,True,3000,—,—,—,—,—,—,30,—,0,0,—,70,C,Fair,GRADED,—,—,—,A,C,False,True,true,Non-critical/Archival,enterprise,2026-09-25T15:39:00+00:00,2.0,Yes,Certified because grade C (Fair) and no critical deductions.,—
SAS HDD,7VTD079Y,bench-02,2026-09-25 15:39 UTC,ST900MM0006,SEAGATE,SCSI,SAS,HDD,1.20 TB,RS20,2.5 inches,10000,True,3192,—,—,—,—,—,—,13,—,6,6,—,70,C,Fair,GRADED,—,—,—,A,C,False,True,true,Non-critical/Archival,enterprise,2026-09-25T15:39:00+00:00,2.0,Yes,Certified because grade C (Fair) and no critical deductions.,—
SAS HDD,MBDXWPSA43,bench-02,2026-09-25 15:39 UTC,ST1200MM0009,SEAGATE,SCSI,SAS,HDD,1.20 TB,RS20,2.5 inches,10000,True,9000,—,—,—,—,—,—,0,—,0,0,—,50,D,Poor,GRADED,—,—,—,A,D,False,True,Advisory,Non-critical/Archival (Advisory),enterprise,2026-09-25T15:39:00+00:00,2.0,No,"Not certified because grade is D (Advisory tier; full certification requires A, B, or C); failed self-test: Failed SCSI self-test history (1 recent, 0 older).",—
SAS HDD,GXSHFRARQ5,bench-02,2026-09-25 15:39 UTC,ST1200MM0009,SEAGATE,SCSI,SAS,HDD,1.20 TB,RS20,2.5 inches,10000,True,3000,—,—,—,—,—,—,0,—,150,150,—,0,F,Failed,GRADED,—,—,F-UNCORRECTED-ERRORS,A,F,False,False,false,Do not reuse - destroy/recycle,enterprise,2026-09-25T15:39:00+00:00,2.0,No,"Not certified because grade is F (certification requires A, B, or C); critical deduction: Uncorrected read/write errors.",—
SAS HDD,GML2SE1T,bench-02,2026-09-25 15:39 UTC,ST1800MM0129,SEAGATE,SCSI,SAS,HDD,1.20 TB,RS20,2.5 inches,10000,False,39500,—,—,—,—,—,—,132,—,53,53,—,0,F,Failed,GRADED,—,—,F-SMART-FAIL | F-GROWN-DEFECTS,A,F,False,False,false,Do not reuse - destroy/recycle,enterprise,2026-09-25T15:39:00+00:00,2.0,No,"Not certified because grade is F (certification requires A, B, or C); critical deduction: SMART status failed; critical deduction: Grown defects; failed self-test: Failed SCSI self-test history (1 recent, 0 older).",—
SATA HDD,XRS7NKQ7,bench-02,2026-09-25 15:39 UTC,ST2000DM008-2FR102,SEAGATE,ATA,SATA,HDD,2.00 TB,0001,3.5 inches,7200,True,13500,25,100,50,35,45,60,0,0,0,0,—,—,UNGRADED,Ungraded,UNGRADED,SECURITY_LOCKED,—,SECURITY_LOCKED,—,—,—,False,false,Manual review required,consumer,2026-09-25T15:39:00+00:00,2.0,No,Not graded: SECURITY_LOCKED. Drive requires manual review before disposition.,—
